{
  "0A9B4653-B11E-4D6A-850E-C6FCB621626C" : {
    "cameraTransform" : [
      0.98073142766952515,
      -1.9820145524818145e-10,
      -0.19536100327968597,
      0,
      -0.10051192343235016,
      0.85749435424804688,
      -0.50457978248596191,
      0,
      0.16752095520496368,
      0.51449334621429443,
      0.84097164869308472,
      0,
      0.090841911733150482,
      0.058492958545684814,
      0.13903293013572693,
      1
    ],
    "objectMetadataList" : [
      [
        "0A9B4653-B11E-4D6A-850E-C6FCB621626C",
        "Root"
      ],
      {
        "isExpanded" : true,
        "isLocked" : false
      },
      [
        "0A9B4653-B11E-4D6A-850E-C6FCB621626C",
        "Root",
        "Sphere"
      ],
      {
        "isExpanded" : true,
        "isLocked" : false
      },
      [
        "0A9B4653-B11E-4D6A-850E-C6FCB621626C",
        "Root",
        "GridMaterial"
      ],
      {
        "isExpanded" : true,
        "isLocked" : false
      }
    ]
  },
  "01A389CE-549D-43D4-8082-422095AD9977" : {
    "cameraTransform" : [
      0.99999994039535522,
      0,
      0,
      0,
      0,
      0.86602550745010376,
      -0.49999988079071045,
      0,
      0,
      0.49999988079071045,
      0.86602550745010376,
      0,
      0,
      0.27093541622161865,
      0.46927398443222046,
      1
    ],
    "objectMetadataList" : [
      [
        "01A389CE-549D-43D4-8082-422095AD9977",
        "Root",
        "GridMaterial"
      ],
      {
        "isExpanded" : true,
        "isLocked" : false
      },
      [
        "01A389CE-549D-43D4-8082-422095AD9977",
        "Root"
      ],
      {
        "isExpanded" : true,
        "isLocked" : false
      }
    ]
  },
  "1CBF3893-ABFD-408C-8B91-045BFD257808" : {
    "cameraTransform" : [
      0.99999994039535522,
      0,
      0,
      0,
      0,
      0.86602550745010376,
      -0.49999988079071045,
      0,
      0,
      0.49999988079071045,
      0.86602550745010376,
      0,
      0,
      0.27093541622161865,
      0.46927398443222046,
      1
    ],
    "objectMetadataList" : [

    ]
  },
  "03E02005-EFA6-48D6-8A76-05B2822A74E9" : {
    "cameraTransform" : [
      0.99999994039535522,
      0,
      0,
      0,
      0,
      0.86602538824081421,
      -0.49999994039535522,
      0,
      0,
      0.49999994039535522,
      0.86602538824081421,
      0,
      0,
      0.59819567203521729,
      1.0361053943634033,
      1
    ],
    "objectMetadataList" : [

    ]
  },
  "7EF42796-68EE-4330-954D-0853FBBEB57C" : {
    "cameraTransform" : [
      0.99999994039535522,
      0,
      0,
      0,
      0,
      0.86602550745010376,
      -0.49999988079071045,
      0,
      0,
      0.49999988079071045,
      0.86602550745010376,
      0,
      0,
      0.27093541622161865,
      0.46927398443222046,
      1
    ],
    "objectMetadataList" : [

    ]
  },
  "26DBAE76-5DD8-47B6-A085-1B4ADA111097" : {
    "cameraTransform" : [
      0.19803646206855774,
      4.0888004093631025e-10,
      -0.98019462823867798,
      0,
      -0.50555825233459473,
      0.85672515630722046,
      -0.10214190185070038,
      0,
      0.83975744247436523,
      0.51577317714691162,
      0.16966281831264496,
      0,
      0.3184017539024353,
      0.19556094706058502,
      0.064729258418083191,
      1
    ],
    "objectMetadataList" : [
      [
        "26DBAE76-5DD8-47B6-A085-1B4ADA111097",
        "Root"
      ],
      {
        "isExpanded" : true,
        "isLocked" : false
      }
    ]
  },
  "34C460AE-CA1B-4348-BD05-621ACBDFFE97" : {
    "cameraTransform" : [
      0.99999994039535522,
      0,
      0,
      0,
      0,
      0.86602550745010376,
      -0.49999988079071045,
      0,
      0,
      0.49999988079071045,
      0.86602550745010376,
      0,
      0,
      0.27093541622161865,
      0.46927398443222046,
      1
    ],
    "objectMetadataList" : [

    ]
  },
  "440DE5B4-E4E4-459B-AABF-9ACE96319272" : {
    "cameraTransform" : [
      0.99999994039535522,
      0,
      0,
      0,
      0,
      0.86602538824081421,
      -0.49999994039535522,
      0,
      0,
      0.49999994039535522,
      0.86602538824081421,
      0,
      0,
      0.59819567203521729,
      1.0361053943634033,
      1
    ],
    "objectMetadataList" : [
      [
        "440DE5B4-E4E4-459B-AABF-9ACE96319272",
        "Root"
      ],
      {
        "isExpanded" : true,
        "isLocked" : false
      }
    ]
  },
  "834ECC48-DF4B-4A08-B243-AFEB557F00CC" : {
    "cameraTransform" : [
      0.46320754289627075,
      3.5114444472128525e-05,
      -0.88624978065490723,
      0,
      -0.72690171003341675,
      0.57209259271621704,
      -0.37989997863769531,
      0,
      0.50700360536575317,
      0.82018899917602539,
      0.26502314209938049,
      0,
      0.47568333148956299,
      0.73008275032043457,
      0.38925021886825562,
      1
    ],
    "objectMetadataList" : [
      [
        "834ECC48-DF4B-4A08-B243-AFEB557F00CC",
        "Root",
        "LEDMaterial"
      ],
      {
        "isExpanded" : true,
        "isLocked" : false
      },
      [
        "834ECC48-DF4B-4A08-B243-AFEB557F00CC",
        "Root"
      ],
      {
        "isExpanded" : true,
        "isLocked" : false
      },
      [
        "834ECC48-DF4B-4A08-B243-AFEB557F00CC",
        "Root",
        "strip"
      ],
      {
        "isExpanded" : true,
        "isLocked" : false
      }
    ]
  },
  "71393687-2933-4D8A-AC10-8E59942BADC1" : {
    "cameraTransform" : [
      0.99999994039535522,
      0,
      0,
      0,
      0,
      0.86602550745010376,
      -0.49999988079071045,
      0,
      0,
      0.49999988079071045,
      0.86602550745010376,
      0,
      0,
      0.27093541622161865,
      0.46927398443222046,
      1
    ],
    "objectMetadataList" : [
      [
        "71393687-2933-4D8A-AC10-8E59942BADC1",
        "Root"
      ],
      {
        "isExpanded" : true,
        "isLocked" : false
      }
    ]
  },
  "D59A8677-B21C-47B0-B97E-9EA162FC62FB" : {
    "cameraTransform" : [
      0.99698877334594727,
      3.2535218963403167e-10,
      -0.077545523643493652,
      0,
      -0.022715706378221512,
      0.95613276958465576,
      -0.29205167293548584,
      0,
      0.07414381206035614,
      0.29293376207351685,
      0.95325356721878052,
      0,
      -0.050002068281173706,
      0.1151881068944931,
      0.37942907214164734,
      1
    ],
    "objectMetadataList" : [
      [
        "D59A8677-B21C-47B0-B97E-9EA162FC62FB",
        "Root",
        "LEDMaterial"
      ],
      {
        "isExpanded" : true,
        "isLocked" : false
      },
      [
        "D59A8677-B21C-47B0-B97E-9EA162FC62FB",
        "Root",
        "strip",
        "Geom"
      ],
      {
        "isExpanded" : true,
        "isLocked" : false
      },
      [
        "D59A8677-B21C-47B0-B97E-9EA162FC62FB",
        "Root"
      ],
      {
        "isExpanded" : true,
        "isLocked" : false
      },
      [
        "D59A8677-B21C-47B0-B97E-9EA162FC62FB",
        "Root",
        "Strip",
        "Geom",
        "Plane"
      ],
      {
        "isExpanded" : true,
        "isLocked" : false
      },
      [
        "D59A8677-B21C-47B0-B97E-9EA162FC62FB",
        "Root",
        "Strip"
      ],
      {
        "isExpanded" : true,
        "isLocked" : false
      },
      [
        "D59A8677-B21C-47B0-B97E-9EA162FC62FB",
        "Root",
        "strip",
        "Geom",
        "Plane"
      ],
      {
        "isExpanded" : true,
        "isLocked" : false
      },
      [
        "D59A8677-B21C-47B0-B97E-9EA162FC62FB",
        "Root",
        "Strip",
        "Geom"
      ],
      {
        "isExpanded" : true,
        "isLocked" : false
      }
    ]
  },